パンフレットに掲載するサークル名を教えてください	エントリー時からサークル名を変更する場合のみ、エントリー時のサークル名を教えてください	サークルカット画像を提出してください	出展するジャンルを全て答えてください	1つ目の頒布リンクを教えてください	1つ目の頒布先の名前を教えてください	2つ目の頒布リンクを教えてください	2つ目の頒布先の名前を教えてください	3つ目の頒布リンクを教えてください	3つ目の頒布先の名前を教えてください	4つ目の頒布リンクを教えてください	4つ目の頒布先の名前を教えてください	5つ目の頒布リンクを教えてください	5つ目の頒布先の名前を教えてください	1つ目の頒布先・頒布物の説明を教えてください	2つ目の頒布先・頒布物の説明を教えてください	3つ目の頒布先・頒布物の説明を教えてください	4つ目の頒布先・頒布物の説明を教えてください	5つ目の頒布先・頒布物の説明を教えてください	X（Twitter）アカウントを公開したい場合は記載してください	もう1つX（Twitter）アカウントを公開したい場合は記載してください	他のSNSアカウントを公開したい場合、その名称を	Column 9
巡涯学派		https://drive.google.com/open?id=1Qj1J4_i_RUCK8TxtvXCHvDndT1gc9EoF	シナリオ/キャンペーン, 独自データ, 素材（オンラインセッション用）	https://planes.booth.pm/items/8594148	【先行体験版】プラネスデオメノス 巡涯学派星辰祈譚（Booth）	https://planes.booth.pm/items/7268434	【電子版】プラネスセオルギア 巡涯学派魔法大系（Booth）	https://planes.booth.pm/items/7268444	【紙書籍】プラネスセオルギア 巡涯学派魔法大系（Booth）	https://planes.booth.pm/items/7847999	ソード・ワールド2.5シンボルフォント プラネスセミオチカ 巡涯学派記号目録（Booth）	https://planes.booth.pm/items/8084955	ソード・ワールド2.5 追加戦闘ルール ヘックスマス戦闘＋汎用ヘックスマップ素材	イベント限定の先行体験版を無償頒布。天体と信仰をテーマにした同人サプリメント。この旅の涯に、きみは何を願い祈る？	ラクシアを旅する、魔法研究者集団「巡涯学派」。彼らの研究成果を紹介するオリジナルデータ集。	ラクシアを旅する、魔法研究者集団「巡涯学派」。彼らの研究成果を紹介するオリジナルデータ集。	ソード・ワールド2.5作品内で使用されている記号やシンボルなどを、アレンジを加えつつまとめたフォントデータ。	熟練戦闘をベースに、戦略性の高さを残しつつ、座標の管理の簡略化を図った戦闘ルール。ココフォリア向けの画像素材もあります。	@organon_torah			協賛
安いかもしれない		https://drive.google.com/open?id=1TlUWtbsg54X5fn_xVoFyCc0yu4Gyc52m	シナリオ/キャンペーン, 素材（立ち絵）	https://xcgd.booth.pm/	AI画像集(BOOTH)			https://xcgd.booth.pm/	シナリオ『極天のアルカノイド-魔術王の遺産-』					AI生成したセッションで使える立ち絵などです。		レベル5-6と7-8帯を遊べる２話のキャンペーンシナリオです。			@emiya1762			
クレメリア情報局	クレメリア情報局	https://drive.google.com/open?id=1HVCFvt1VWf2XoUvWNF0u50OlIme-xwDn	シナリオ/キャンペーン, 独自データ, 素材（オンラインセッション用）	https://dagonunder6feet.booth.pm/	クレメリア情報局									創作大陸【クレメリア】を舞台にしたシナリオ・データ集を頒布しています。また、ドット絵などの頒布もやっています！					@DagonUnder6Feet			
紅葉幕府		https://drive.google.com/open?id=1Fv3EZ5-ybOSoSmikTpVNg9zU5AZV-fnd	シナリオ/キャンペーン, 独自データ	https://momijibakufu.booth.pm/items/8577520	データ集『バウンティ・モンスターズ』	https://momijibakufu.booth.pm/items/7677618	シナリオ集『sw2.5シナリオ集vol.1』	https://momijibakufu.booth.pm/items/7677824	シナリオ集『sw2.5シナリオ集vol.2』	https://momijibakufu.booth.pm/items/7677930	シナリオ集『sw2.5シナリオ集vol.3』	https://momijibakufu.booth.pm/items/7678619	シナリオ集『sw2.5シナリオ集vol.4』	オリジナルのボス級魔物データ集です。  全15種の魔物を、形態違い・随伴データ込みで計19データ収録。	高レベル帯のキャンペーンと、中レベル帯の単発シナリオを収録しています。	中レベル帯のキャンペーンと、中レベル帯の単発シナリオを収録しています。	中レベル帯の単発シナリオ2本と、初期作成蛮族用シナリオを収録しています。	中レベル帯の単発シナリオ2本と、初期作成蛮族用シナリオを収録しています。	@momiji_bakufu			
イフェクティブカートリッジ工場		https://drive.google.com/open?id=18gVFgGCVG0I-MWF_0jFlFOR8wpgbAR00	独自データ	https://kalia.booth.pm/items/8495920	想起の国ノストロス									魔動機文明時代の息吹が色濃く残るオリジナルの小国の地方誌です。追加データの他に魔動機を作って戦うミニゲームルールを収録					@TRPG_CCrown			
雪花露店		https://drive.google.com/open?id=1dsz6hFYyVLQNcMnarSCKU3RMc3eMvHfi	シナリオ/キャンペーン	https://mmikotom.booth.pm/items/8465987?_gl=1*1eboq1s*_ga*MjA5MjY3ODgzNS4xNzYxODA2Nzgz*_ga_RWT2QKJLDC*czE3ODI4NjQ2MjckbzcwJGcxJHQxNzgyODY0NjMyJGo1NSRsMCRoMA..	雪花露店（Booth）									魔域内で1人の少年と交流するシナリオを頒布しています					@Ourou_TRPG			協賛
studio SISTER		https://drive.google.com/open?id=1V8DuIofoFnjXf62HunXH4Po6PX4fueho	シナリオ/キャンペーン, 独自データ	https://jorge.booth.pm/	studio SISTER(Booth)	https://studio-sister.com/	studio SISTER HP	https://studio-sister.com/wonder-arts-record/	Wonder Arts Record特設サイト					キャンペーンシナリオ『雛ドラゴンの育て方』や、流派追加サプリメント『Wonder Arts Record』を頒布中です。	studio SISTERのホームページです。	流派追加サプリメントシリーズ『Woder Arts Record』の特設サイトです。			@Jorge_stSISTER			協賛
黒猫亭		https://drive.google.com/open?id=1GW0IKb_5u2J7pClIYjo76xc_x0j8wYpm	素材（立ち絵）																			
わっかのTRPG部屋		https://drive.google.com/open?id=1DFvLBagHRlJVTCK3jGUxyTm0T212wsXE	シナリオ/キャンペーン, 独自データ, 素材（オンラインセッション用）	https://wakkacha.booth.pm/	わっかのTRPG部屋（BOOTH）	https://talto.cc/users/97Tf8nCOnpQLghg5XU0dj02Cuw82	わっかのシナリオ（TALTO）							TRPG（SW2.5）のシナリオ、ココフォリア用オンセ素材などを頒布しています。	SW2.5のシナリオを頒布しています。				@wakkacha			
鹿川精肉店		https://drive.google.com/open?id=14poJwJ_zcqCkyxV2ko_7H57wKiZQqlpr	素材（立ち絵）, 素材（オンラインセッション用）	https://shikagawaseiniku.booth.pm/item_lists/8GXT3kd2	鹿川精肉店（BOOTH）									ソドワファンフェスに出す物をまとめた商品ページです！ブルライト地方のマップだったりうさぎ詰めの更新を行ったりします！					@kainiku019			
怒る弟子瑕疵		https://drive.google.com/open?id=1kihnLG8leBf2vqran8SKbDJWstnf2GKb	シナリオ/キャンペーン, 独自データ, 素材（オンラインセッション用）	https://okorudesikasi.booth.pm/items/8488128	【電子版】SW2.5同人サプリメント 泡沫世界アーティカタパウシス SPLL:E111083(Booth)									古代地中海風のオリジナルの泡沫世界、『アーティカタパウシス』を舞台にした同人サプリメントを頒布中！					@SWyattemitai			
幻想書斎		https://drive.google.com/open?id=1GoAvHwTajRJTe6Ksyxjyz2j8m9lk9dMB	シナリオ/キャンペーン, 独自データ	https://booth.pm/ja/items/4995890	シナリオ集「冒険者の旅路」	https://fantasiticden.booth.pm/items/6093526	データ集『Dr.マーキュリーの研究日誌』		シナリオ『砂漠に眠りし秘宝』	https://fantasiticden.booth.pm/items/6937544	1時間シナリオ集『ブルライト狂想曲』	https://fantasiticden.booth.pm/items/7533913	小説「放浪神の栞～ロクの冒険～」	基本ルールブックⅠ・Ⅱ・Ⅲを使用して遊べるシナリオ集です。 6本のシナリオとキャンペーン(12L帯40ページ程)を収録。	オリジナル薬草や魔法薬を紹介するデータ集。18種の薬草と70種の魔法薬を収録しています。薬草にはイラストも。	砂漠を舞台にしたシナリオ集です。 2～5Lv帯のキャンペーンが1つ、単発で3つのシナリオが収録されています。	ブルライト地方を舞台に、1時間の短いシナリオを10本収録しています。PL数も2～3人を主にしており気軽に遊べる作品です。	「冒険」をテーマにした、ソード・ワールド2.5の短編小説集です。 1万～2万字の読みごたえある物語を、全6作品収録。	@fantasticden369			協賛
鯖味噌定食屋		https://drive.google.com/open?id=1ffHwNWJW6GMvPytVab0tku2OvmWPa964	シナリオ/キャンペーン	https://reachingmoon.raku-uru.jp/item-detail/1889517	ソード・ワールド2.5　非公式キャンペーンシナリオブック『旅の栞Ⅱ』									初期作、3Lv、5Lvの全三話キャンペーンシナリオ本（物理）					@kikrkikr			
ナナイロダイス		https://drive.google.com/open?id=1zBj6l7NYCcgH_J5zcuwGD_9Dk5pRrauL	シナリオ/キャンペーン, 独自データ, 素材（オンラインセッション用）	https://nanairodaisu.booth.pm/	ナナイロダイス(Booth)									GM用新規罠・冒険者用新アイテム・シナリオ入り！「罠」にフォーカスしたオリジナルサプリメント頒布中です！					@nanairodice			協賛
こむぎもち			シナリオ/キャンペーン, 素材（立ち絵）	https://shira-mizu.booth.pm/	【BOOTH】こむぎもち屋台	https://talto.cc/users/fylmSFaC8QNM9a1kQVjqahlEzE52	【TALTO】こむぎもち							PC・NPCに使える立ち絵素材を頒布しています。無料版・差分付き有料版があります。	無料シナリオを掲載しています。書き下ろし新シナリオもあります。				@Shira_mizu			
Thyme		https://drive.google.com/open?id=1XgSneXPYgRnFIbzhd-0L77fdHJ4_wkkA	シナリオ/キャンペーン, 素材（その他）	https://thymetostart0.booth.pm/	Thyme（Booth）									ソードワールド2.5(SW2.5)の「ストーリー型サプリメント」と「タワーディフェンス型ボードゲーム」を頒布しています。					@thymetostart0			協賛
流浪の民		https://drive.google.com/open?id=1RVd65JIDbOrC8VPzZERInLtYRIcT57wL	独自データ	https://ruromin.wixsite.com/swfanruromin	流浪の民同人誌　販売HP	https://ruromin.booth.pm/items/6430981	エルフ！エルフ！！エルフ！！！（Booth）	https://ruromin.booth.pm/items/8596113	人造魔剣(アルタードウェポン)（Booth）	https://leonoristel.booth.pm/items/8597346	ユランアウルク博物誌（Booth）	https://leonoristel.booth.pm/items/8597573	アシワラ博物誌（Booth）	流浪の民で販売している4つの同人誌を纏めた専用HPです。	エルフの希少種を54種纏めた一冊です。	PLが好きに数値を弄れる「自分だけの1本を作れる」魔剣本です。	竜が国王の竜国を舞台にした博物誌です。	和風舞台をメインにした博物誌です。	@ruromin25	@pampkin50yen		協賛
地雷花火		https://drive.google.com/open?id=1TXNZPvJvJWJBE3kl1a0B8oMp_XXlfjG_	リプレイ/小説	https://decoy.booth.pm/	・ソードワールド小説本「転生したらラクシアだった」									無料の小説を領布しています。					@decoy_touryou			
BANG-G		https://drive.google.com/open?id=1llWtEqwU2zNT5OW-ngB2YzkXChY2ryG2	シナリオ/キャンペーン	https://note.com/banji9990/n/nd3b958e77c1f	ソード・ワールドシナリオ集 BANG-G（note）									幅広いレベルに対応した豊富なシナリオを頒布しています					@Bang_g_no1			協賛
Inside Rain		https://drive.google.com/open?id=1_3aTmd0wKdlRwG6mIZAJutbBC9EKzhoE	シナリオ/キャンペーン, 素材（立ち絵）, 素材（その他）	https://booth.pm/ja/items/7816909	【SW2.5】辺境ギルド天守亭の掲示板 vol.1【シナリオアンソロジー】（Booth）	https://insiderain.booth.pm/items/8598554	【SW2.5】辺境ギルド天守亭の掲示板 vol.2【シナリオアンソロジー】（Booth）	https://insiderain.booth.pm/items/8598063	【SW2.5】ゆる～い魔物立ち絵素材（Booth）	https://insiderain.booth.pm/items/8583546	【SW2.5】基本ルルブ風イラスト【素材】（Booth）			辺境の島を舞台にしたシナリオアンソロジーです。初心者向け(レベル2～5)、短時間のシナリオが3本収録されています。	辺境の島を舞台にした、ソード・ワールド2.5のアンソロジー第2弾です。4本のシナリオを収録しています。	ゆる～い見た目の魔物の立ち絵素材です。オンラインセッションなどにご利用ください。	「ソード・ワールド2.5　基本ルールブック1」の書影を模して描いた素材です。オンラインセッションなどにご利用ください。		@InsideRain_TRPG			
たけのこ邸		https://drive.google.com/open?id=1KB7fO5awa1GwPWK0NrPr60t2Gc8L0jvM	シナリオ/キャンペーン	https://takenokouta.booth.pm/	たけのこ邸(Booth)									個別設定ありの神官２PLのシナリオを公開しています。					@takenoko_tei			
トガキヤ		https://drive.google.com/open?id=1DsgA9i6L6NBQAuxJZY4oywD75dHBJvGI	シナリオ/キャンペーン, 独自データ, 素材（立ち絵）, 素材（オンラインセッション用）	https://togakiya.booth.pm/	イモータル・テイル ～ヴロチュカ英雄記～									ランドール地方を舞台にした学園ものキャンペーンシナリオを頒布しています。前後編あわせて全7話です。					@togakiya			
しーらうんじ		https://drive.google.com/open?id=1YWG6njR8bIN-d-e3-DzdYPm3Rd-3cFs1	シナリオ/キャンペーン, 素材（立ち絵）	https://seaglass2355.booth.pm/	しーらうんじ(Booth)	https://www.pixiv.net/novel/show.php?id=28560627	シナリオ『緑の盗人を追え』							無料で使える立ち絵素材を頒布しています。	冒険者レベル5-6想定のシナリオです。							
しゃちほこの尾びれ亭			シナリオ/キャンペーン, 独自データ, 素材（オンラインセッション用）	https://syachihokomaru.booth.pm/item_lists/nJgTVYPX	しゃちほこの尾びれ亭の同人誌（Booth）	https://talto.cc/users/DVUC9LjUviekGgXrbqXaJWAcLCm1	しゃちほこ丸のシナリオ（TALTO）	https://syachihokomaru.booth.pm/items/7536991	初心者さん向けルールブック副読本『いざ、ファンタジーな世界へ』	https://syachihokomaru.booth.pm/item_lists/rBkTlPKW	しゃちほこの尾びれ亭のアパレル（Booth）			独自の種族/技能/流派/魔物等を掲載した、オリジナルの舞台で、和風な冒険ができる同人サプリメントなどを頒布しています	初心者さんと初心者GMさんにおすすめのシナリオや、GMレスで遊べるシナリオなどを頒布しています	SW2.5の未経験者さん、初心者さんが気軽にルールブックを読みつつ遊んで慣れられる副読本です。GMレスシナリオ収録。	ソドワ好きの方のためのシャツなどを頒布しています！		@syachi_hoko_trp			
